{"HINDUNILVR.NS_intraday": {"signal": "buy", "strength": 3, "reasons": ["RSI > 50", "Breakout above Pivot Point", "Price near Fibonacci support"], "suggested_entry": 2344.25, "suggested_sl": 2343.7442583007814, "suggested_target": 2346.8613369140626, "pivot_points": {"PP": 2343.9500325520835, "R1": 2344.900065104167, "S1": 2342.049967447917, "R2": 2346.8001302083335, "S2": 2341.0999348958335}, "fibonacci_levels": {"support": 2343.7442583007814, "resistance": 2346.8613369140626}}, "ONGC.NS_intraday": {"signal": "buy", "strength": 2, "reasons": ["RSI > 50", "Breakout above Pivot Point", "Price near Fibonacci support", "Bearish pattern detected"], "suggested_entry": 235.75, "suggested_sl": 235.07429766845704, "suggested_target": 236.0013985595703, "pivot_points": {"PP": 235.58333333333334, "R1": 235.86666361490887, "S1": 235.2166697184245, "R2": 236.23332722981772, "S2": 234.93333943684897}, "fibonacci_levels": {"support": 235.07429766845704, "resistance": 236.0013985595703}}, "BPCL.NS_intraday": {"signal": "buy", "strength": 4, "reasons": ["Breakout above 20 EMA", "RSI > 50", "Breakout above Pivot Point", "Price near Fibonacci support"], "suggested_entry": 292.79998779296875, "suggested_sl": 292.65000915527344, "suggested_target": 293.1692084350586, "pivot_points": {"PP": 292.21666463216144, "R1": 292.4333292643229, "S1": 291.88334147135413, "R2": 292.7666524251302, "S2": 291.6666768391927}, "fibonacci_levels": {"support": 292.65000915527344, "resistance": 293.1692084350586}}, "ABB.NS_intraday": {"signal": "buy", "strength": 2, "reasons": ["RSI > 50", "Breakout above Pivot Point", "Price near Fibonacci support", "Bearish pattern detected"], "suggested_entry": 6794.2001953125, "suggested_sl": 6779.62424609375, "suggested_target": 6805.451703125, "pivot_points": {"PP": 6780.16650390625, "R1": 6790.283203125, "S1": 6768.68310546875, "R2": 6801.7666015625, "S2": 6758.56640625}, "fibonacci_levels": {"support": 6779.62424609375, "resistance": 6805.451703125}}, "CUMMINSIND.NS_intraday": {"signal": "buy", "strength": 3, "reasons": ["Breakout above 20 EMA", "RSI > 50", "Breakout above Pivot Point", "Price near Fibonacci support", "Bearish pattern detected"], "suggested_entry": 3243.050048828125, "suggested_sl": 3240.5250244140625, "suggested_target": 3249.8057416992187, "pivot_points": {"PP": 3237.0999348958335, "R1": 3242.049967447917, "S1": 3227.199869791667, "R2": 3251.9500325520835, "S2": 3222.2498372395835}, "fibonacci_levels": {"support": 3240.5250244140625, "resistance": 3249.8057416992187}}, "HCC.NS_intraday": {"signal": "buy", "strength": 2, "reasons": ["RSI > 50", "High volume confirmation", "Price near Fibonacci support", "Bearish pattern detected"], "suggested_entry": 37.439998626708984, "suggested_sl": 37.29772132873535, "suggested_target": 37.92428479875837, "pivot_points": {"PP": 37.16333262125651, "R1": 37.2566655476888, "S1": 37.09666570027669, "R2": 37.32333246866862, "S2": 37.0033327738444}, "fibonacci_levels": {"support": 37.29772132873535, "resistance": null}}, "ITC.NS_swing": {"signal": "buy", "strength": 3, "reasons": ["Price near 10 EMA", "Overall uptrend intact", "Price at key Fibonacci support", "Bearish pattern detected"], "suggested_entry": 475.3999938964844, "suggested_sl": 474.76099389648436, "suggested_target": 501.3821563720703, "fibonacci_levels": {"support": 474.76099389648436, "resistance": null}}, "KOTAKBANK.NS_swing": {"signal": "buy", "strength": 5, "reasons": ["Price near 10 EMA", "RSI indicates pullback", "Overall uptrend intact", "Price at key Fibonacci support"], "suggested_entry": 1763.4000244140625, "suggested_sl": 1750.395080810547, "suggested_target": 1763.7762849121093, "fibonacci_levels": {"support": 1750.395080810547, "resistance": 1763.7762849121093}}, "HCLTECH.NS_swing": {"signal": "buy", "strength": 3, "reasons": ["RSI indicates pullback", "Price at key Fibonacci support"], "suggested_entry": 1897.949951171875, "suggested_sl": 1890.1209191894532, "suggested_target": 1909.3317150878906, "fibonacci_levels": {"support": 1890.1209191894532, "resistance": 1909.3317150878906}}, "BAJFINANCE.NS_swing": {"signal": "buy", "strength": 3, "reasons": ["RSI indicates pullback", "Price at key Fibonacci support"], "suggested_entry": 6827.64990234375, "suggested_sl": 6764.892225585938, "suggested_target": 6870.161041992187, "fibonacci_levels": {"support": 6764.892225585938, "resistance": 6870.161041992187}}, "WIPRO.NS_swing": {"signal": "buy", "strength": 3, "reasons": ["RSI indicates pullback", "Price at key Fibonacci support"], "suggested_entry": 298.8500061035156, "suggested_sl": 295.8697904052734, "suggested_target": 301.0273924560547, "fibonacci_levels": {"support": 295.8697904052734, "resistance": 301.0273924560547}}, "SUNPHARMA.NS_swing": {"signal": "buy", "strength": 5, "reasons": ["Overall uptrend intact", "Price at key Fibonacci support", "Bullish pattern confirmed"], "suggested_entry": 1886.0, "suggested_sl": 1867.0288115234375, "suggested_target": 1979.0535191127233, "fibonacci_levels": {"support": 1867.0288115234375, "resistance": null}}, "M&M.NS_swing": {"signal": "buy", "strength": 4, "reasons": ["Price near 10 EMA", "RSI indicates pullback", "Price at key Fibonacci support"], "suggested_entry": 2981.85009765625, "suggested_sl": 2973.6943603515624, "suggested_target": 3000.675048828125, "fibonacci_levels": {"support": 2973.6943603515624, "resistance": 3000.675048828125}}, "BPCL.NS_swing": {"signal": "buy", "strength": 4, "reasons": ["Price near 10 EMA", "RSI indicates pullback", "Price at key Fibonacci support"], "suggested_entry": 292.79998779296875, "suggested_sl": 292.32579711914065, "suggested_target": 295.5, "fibonacci_levels": {"support": 292.32579711914065, "resistance": 295.5}}, "INDUSINDBK.NS_swing": {"signal": "buy", "strength": 3, "reasons": ["Price near 10 EMA", "RSI indicates pullback", "Price at key Fibonacci support", "Bearish pattern detected"], "suggested_entry": 954.2000122070312, "suggested_sl": 944.6507095947265, "suggested_target": 958.9391075439453, "fibonacci_levels": {"support": 944.6507095947265, "resistance": 958.9391075439453}}, "ADANIPORTS.NS_swing": {"signal": "buy", "strength": 2, "reasons": ["Price near 10 EMA", "RSI indicates pullback", "Price at key Fibonacci support", "Bearish pattern detected"], "suggested_entry": 1214.9000244140625, "suggested_sl": 1203.1935, "suggested_target": 1225.9155, "fibonacci_levels": {"support": 1203.1935, "resistance": 1225.9155}}, "DRREDDY.NS_swing": {"signal": "buy", "strength": 4, "reasons": ["Overall uptrend intact", "Price at key Fibonacci support", "Bullish pattern confirmed"], "suggested_entry": 1373.449951171875, "suggested_sl": 1353.7285942382812, "suggested_target": 1467.371337890625, "fibonacci_levels": {"support": 1353.7285942382812, "resistance": null}}, "APOLLOHOSP.NS_swing": {"signal": "buy", "strength": 4, "reasons": ["Overall uptrend intact", "Price at key Fibonacci support", "Bullish pattern confirmed"], "suggested_entry": 7319.0, "suggested_sl": 7315.949279296875, "suggested_target": 7677.918003627232, "fibonacci_levels": {"support": 7315.949279296875, "resistance": null}}, "EICHERMOT.NS_swing": {"signal": "buy", "strength": 3, "reasons": ["Overall uptrend intact", "Price at key Fibonacci support"], "suggested_entry": 4848.5, "suggested_sl": 4847.474458007812, "suggested_target": 4888.551572265625, "fibonacci_levels": {"support": 4847.474458007812, "resistance": 4888.551572265625}}, "DIVISLAB.NS_swing": {"signal": "buy", "strength": 4, "reasons": ["Overall uptrend intact", "Price at key Fibonacci support", "Bullish pattern confirmed"], "suggested_entry": 6077.2001953125, "suggested_sl": 6068.111220703125, "suggested_target": 6151.17794921875, "fibonacci_levels": {"support": 6068.111220703125, "resistance": 6151.17794921875}}, "CIPLA.NS_swing": {"signal": "buy", "strength": 3, "reasons": ["Overall uptrend intact", "Price at key Fibonacci support"], "suggested_entry": 1517.800048828125, "suggested_sl": 1501.4208337402345,